t,family,regime,method,x,target,policy,switch,error,switch_work
0,recontact_settling,high_noise_high_cost,immediate_greedy,0.046641696790532886,1.0,1,0,0.9533583032094671,0.0
2,recontact_settling,high_noise_high_cost,immediate_greedy,0.12523658619635292,1.0012599972784018,1,0,0.8760234110820488,0.0
4,recontact_settling,high_noise_high_cost,immediate_greedy,0.23286224222976631,1.0025199782272565,1,0,0.7696577359974901,0.0
6,recontact_settling,high_noise_high_cost,immediate_greedy,0.3537524562240244,1.0037799265172285,1,0,0.6500274702932041,0.0
8,recontact_settling,high_noise_high_cost,immediate_greedy,0.4501128200674335,1.005039825819406,1,0,0.5549270057519725,0.0
10,recontact_settling,high_noise_high_cost,immediate_greedy,0.5885045294324002,1.0062996598055112,1,0,0.417795130373111,0.0
12,recontact_settling,high_noise_high_cost,immediate_greedy,0.6787830455797688,1.0075594121481135,1,0,0.32877636656834475,0.0
14,recontact_settling,high_noise_high_cost,immediate_greedy,0.7746316590796105,1.0088190665208403,1,0,0.2341874074412298,0.0
16,recontact_settling,high_noise_high_cost,immediate_greedy,0.7479184409495124,1.0100786065985885,0,1,0.26216016564907607,1.9469999999999998
18,recontact_settling,high_noise_high_cost,immediate_greedy,0.8248146238955963,1.011338016057736,1,0,0.18652339216213976,4.244459999999999
20,recontact_settling,high_noise_high_cost,immediate_greedy,0.8990585195972483,1.0125972785763542,1,0,0.11353875897910592,4.244459999999999
22,recontact_settling,high_noise_high_cost,immediate_greedy,0.8588136183881134,1.0138563778344185,1,1,0.15504275944630508,9.89076
24,recontact_settling,high_noise_high_cost,immediate_greedy,0.9490720710893439,1.0151152975140199,1,0,0.06604322642467597,9.89076
26,recontact_settling,high_noise_high_cost,immediate_greedy,1.0310853295671625,1.016374021299577,1,0,0.014711308267585377,9.89076
28,recontact_settling,high_noise_high_cost,immediate_greedy,1.114928737031513,1.0176325328780473,1,0,0.09729620415346574,9.89076
30,recontact_settling,high_noise_high_cost,immediate_greedy,0.957304597857046,1.0188908159391383,0,0,0.0615862180820923,13.2396
32,recontact_settling,high_noise_high_cost,immediate_greedy,0.940078564657491,1.0201488541755193,0,1,0.0800702895180283,20.98866
34,recontact_settling,high_noise_high_cost,immediate_greedy,0.8969558182834458,1.0214066312830319,0,1,0.12445081299958605,30.13956
36,recontact_settling,high_noise_high_cost,immediate_greedy,0.9610118407881607,1.022664130960903,1,0,0.06165229017274232,35.2407
38,recontact_settling,high_noise_high_cost,immediate_greedy,1.0714298996436113,1.023921336911954,1,0,0.04750856273165738,35.2407
40,recontact_settling,high_noise_high_cost,immediate_greedy,1.0496161370370192,1.0251782328428132,1,1,0.024437904194205995,45.09251999999999
42,recontact_settling,high_noise_high_cost,immediate_greedy,1.0531534888884542,1.0264348024641274,1,1,0.026718686424326732,55.294799999999995
44,recontact_settling,high_noise_high_cost,immediate_greedy,1.0276748977498091,1.0276910294907715,0,1,1.613174096237735e-05,60.746399999999994
46,recontact_settling,high_noise_high_cost,immediate_greedy,0.8631319576412991,1.0289468976420613,0,0,0.16581494000076213,60.746399999999994
48,recontact_settling,high_noise_high_cost,immediate_greedy,0.9388226713264223,1.0302023906419626,1,0,0.09137971931554034,66.54845999999999
50,recontact_settling,high_noise_high_cost,immediate_greedy,0.9050143568824727,1.0314574922193038,0,1,0.12644313533683116,72.35051999999999
52,recontact_settling,high_noise_high_cost,immediate_greedy,0.9787045334051419,1.0327121861079864,1,0,0.05400765270284458,78.15257999999999
54,recontact_settling,high_noise_high_cost,immediate_greedy,1.0555496940828655,1.0339664560471948,1,0,0.021583238035670638,78.15257999999999
56,recontact_settling,high_noise_high_cost,immediate_greedy,0.9418818297059709,1.0352202857816082,0,0,0.09333845607563729,82.90325999999999
58,recontact_settling,high_noise_high_cost,immediate_greedy,0.8947130655996816,1.0364736590616108,0,1,0.14176059346192926,93.45599999999999
60,recontact_settling,high_noise_high_cost,immediate_greedy,0.983834799525629,1.0377265596435026,1,0,0.053891760117873555,98.90759999999999
62,recontact_settling,high_noise_high_cost,immediate_greedy,0.9879069252211754,1.0389789712897095,0,1,0.051072046068534105,103.65827999999999
64,recontact_settling,high_noise_high_cost,immediate_greedy,1.0601168371854337,1.040230877768994,1,0,0.01988595941643978,108.75941999999999
66,recontact_settling,high_noise_high_cost,immediate_greedy,0.9229547701203119,1.0414822628566656,0,0,0.11852749273635366,113.86055999999999
68,recontact_settling,high_noise_high_cost,immediate_greedy,1.0281047379230481,1.0427331103347914,1,0,0.014628372411743307,118.9617
70,recontact_settling,high_noise_high_cost,immediate_greedy,1.1086601800564817,1.0439834039924052,1,0,0.06467677606407651,118.9617
72,recontact_settling,high_noise_high_cost,immediate_greedy,1.08317342363011,1.045233127625719,0,1,0.03794029600439108,123.71238
74,recontact_settling,high_noise_high_cost,immediate_greedy,1.0643909744944215,1.0464822650383319,0,1,0.01790870945608969,134.26511999999997
76,recontact_settling,high_noise_high_cost,immediate_greedy,1.0235316786088495,1.0477308000414405,1,1,0.024199121432590953,139.71671999999995
78,recontact_settling,high_noise_high_cost,immediate_greedy,1.1303850000840485,1.0489787164540485,1,0,0.08140628363000002,139.71671999999995
80,recontact_settling,high_noise_high_cost,immediate_greedy,0.9861630227110458,1.050225998103177,0,0,0.06406297539213113,144.46739999999994
82,recontact_settling,high_noise_high_cost,immediate_greedy,1.0584833165021263,1.051472628824073,1,0,0.007010687678053351,149.56853999999993
84,recontact_settling,high_noise_high_cost,immediate_greedy,1.0094471801997724,1.0527185924604199,1,1,0.04327141226064746,159.4203599999999
86,recontact_settling,high_noise_high_cost,immediate_greedy,0.9784206743998438,1.0539638728645464,0,1,0.07554319846470259,164.5214999999999
88,recontact_settling,high_noise_high_cost,immediate_greedy,0.8533536951367545,1.0552084538976358,0,0,0.20185475876088133,164.5214999999999
90,recontact_settling,high_noise_high_cost,immediate_greedy,0.9063660604405179,1.0564523194299356,1,0,0.15008625898941763,169.62263999999988
92,recontact_settling,high_noise_high_cost,immediate_greedy,0.9274945173165166,1.0576954533409657,0,1,0.13020093602444915,174.72377999999986
94,recontact_settling,high_noise_high_cost,immediate_greedy,0.8888127533091575,1.058937839519728,1,1,0.17012508621057043,179.47445999999985
96,recontact_settling,high_noise_high_cost,immediate_greedy,0.9424561241534856,1.060179461864915,1,0,0.1177233377114294,179.47445999999985
98,recontact_settling,high_noise_high_cost,immediate_greedy,1.0025519352239443,1.0614203042851187,1,0,0.05886836906117443,179.47445999999985
100,recontact_settling,high_noise_high_cost,immediate_greedy,0.9562309281314569,1.0626603506990384,1,1,0.10642942256758148,188.62535999999983
102,recontact_settling,high_noise_high_cost,immediate_greedy,0.8463729898040115,1.0638995850356903,0,0,0.21752659523167872,193.37603999999982
104,recontact_settling,high_noise_high_cost,immediate_greedy,0.8373274552441462,1.0651379912346144,1,1,0.2278105359904682,197.7762599999998
106,recontact_settling,high_noise_high_cost,immediate_greedy,0.9186054560008899,1.0663755532460837,1,0,0.14777009724519374,197.7762599999998
108,recontact_settling,high_noise_high_cost,immediate_greedy,1.0305680174176917,1.067612255031312,1,0,0.03704423761362041,197.7762599999998
110,recontact_settling,high_noise_high_cost,immediate_greedy,1.1133253629119322,1.0688480805626617,1,0,0.04447728234927051,197.7762599999998
112,recontact_settling,high_noise_high_cost,immediate_greedy,1.093464910323029,1.0700830138238508,0,1,0.0233818964991781,201.4755599999998
114,recontact_settling,high_noise_high_cost,immediate_greedy,1.1725066391849446,1.0713170388101616,1,0,0.10118960037478297,205.5253199999998
116,recontact_settling,high_noise_high_cost,immediate_greedy,1.2635126449289704,1.0725501395286479,1,0,0.19096250540032256,205.5253199999998
118,recontact_settling,high_noise_high_cost,immediate_greedy,1.165370562917498,1.073782299998341,0,0,0.0915882629191569,209.5750799999998
120,recontact_settling,high_noise_high_cost,immediate_greedy,1.1293326690634231,1.0750135042504592,1,1,0.05431916481296395,213.27437999999978
122,recontact_settling,high_noise_high_cost,immediate_greedy,1.1023459193072702,1.076243736328612,1,1,0.026102182978658295,221.02343999999977
124,recontact_settling,high_noise_high_cost,immediate_greedy,1.0679054051668995,1.0774729802890093,0,1,0.009567575122109817,225.07319999999976
126,recontact_settling,high_noise_high_cost,immediate_greedy,1.0664268066392153,1.0787012202006663,0,1,0.01227441356145098,234.22409999999974
128,recontact_settling,high_noise_high_cost,immediate_greedy,1.0428504900859508,1.079928440145611,0,1,0.0370779500596603,244.7768399999997
130,recontact_settling,high_noise_high_cost,immediate_greedy,1.026694458490115,1.0811546242190904,1,1,0.054460165728975385,250.57889999999972
132,recontact_settling,high_noise_high_cost,immediate_greedy,1.017914811449832,1.0823797565297757,0,1,0.06446494507994371,256.38095999999973
134,recontact_settling,high_noise_high_cost,immediate_greedy,0.975275168160092,1.0836038211999695,0,1,0.10832865303987749,268.3355399999997
136,recontact_settling,high_noise_high_cost,immediate_greedy,0.928329163530434,1.0848268023658105,0,1,0.15649763883537648,281.69195999999965
138,recontact_settling,high_noise_high_cost,immediate_greedy,0.9064356738764552,1.0860486841774804,0,1,0.17961301030102517,295.7492999999996
140,recontact_settling,high_noise_high_cost,immediate_greedy,0.7536207017459727,1.0872694507994076,0,0,0.3336487490534349,295.7492999999996
142,recontact_settling,high_noise_high_cost,immediate_greedy,0.8276395901308973,1.0884890864104741,1,0,0.2608494962795769,302.6027399999996
144,recontact_settling,high_noise_high_cost,immediate_greedy,0.915333260070555,1.0897075752042191,1,0,0.17437431513366408,302.6027399999996
146,recontact_settling,high_noise_high_cost,immediate_greedy,0.971334387618923,1.0909249013890452,1,0,0.1195905137701222,302.6027399999996
148,recontact_settling,high_noise_high_cost,immediate_greedy,0.9698010070953298,1.092141049188422,1,1,0.12234004209309224,313.50593999999955
150,recontact_settling,high_noise_high_cost,immediate_greedy,1.0714981790881504,1.093356002841091,1,0,0.02185782375294054,313.50593999999955
152,recontact_settling,high_noise_high_cost,immediate_greedy,0.9337945089087236,1.0945697466012696,0,0,0.16077523769254598,318.95753999999954
154,recontact_settling,high_noise_high_cost,immediate_greedy,0.8857787305262378,1.0957822647388562,1,1,0.21000353421261841,323.7082199999995
156,recontact_settling,high_noise_high_cost,immediate_greedy,0.9459180924774003,1.0969935415396324,1,0,0.15107544906223203,323.7082199999995
158,recontact_settling,high_noise_high_cost,immediate_greedy,0.9566488960485753,1.0982035613054677,0,1,0.14155466525689242,327.4075199999995
160,recontact_settling,high_noise_high_cost,immediate_greedy,0.9375614806434661,1.099412308354523,0,1,0.16185082771105697,335.8574999999995
162,recontact_settling,high_noise_high_cost,immediate_greedy,1.0257497059986886,1.1006197670214537,1,0,0.07487006102276506,340.2577199999995
164,recontact_settling,high_noise_high_cost,immediate_greedy,1.0038587966759236,1.101825921657612,1,1,0.09796712498168847,350.10953999999947
166,recontact_settling,high_noise_high_cost,immediate_greedy,0.9648454135785263,1.103030756631251,1,1,0.13818534305272467,361.36319999999944
168,recontact_settling,high_noise_high_cost,immediate_greedy,1.052246424227439,1.1042342563277259,1,0,0.0519878321002869,361.36319999999944
170,recontact_settling,high_noise_high_cost,immediate_greedy,1.1437651025568727,1.1054364051496979,1,0,0.03832869740717482,361.36319999999944
172,recontact_settling,high_noise_high_cost,immediate_greedy,0.9881944748937772,1.1066371875173349,0,0,0.11844271262355766,366.4643399999994
174,recontact_settling,high_noise_high_cost,immediate_greedy,0.9531513532983696,1.1078365878685144,0,1,0.15468523457014471,377.3675399999994
176,recontact_settling,high_noise_high_cost,immediate_greedy,0.9260523931273078,1.1090345906590242,0,1,0.1829821975317164,389.32211999999936
178,recontact_settling,high_noise_high_cost,immediate_greedy,1.0156901343963112,1.1102311803627654,1,0,0.09454104596645418,395.82509999999934
180,recontact_settling,high_noise_high_cost,immediate_greedy,0.9896786920323292,1.1114263414719519,1,1,0.12174764943962268,408.1301399999993
182,recontact_settling,high_noise_high_cost,immediate_greedy,0.9911342482188003,1.1126200584973125,1,1,0.12148581027851224,420.78563999999926
184,recontact_settling,high_noise_high_cost,immediate_greedy,0.9646926995375398,1.1138123159682913,1,1,0.14911961643075156,433.7915999999992
186,recontact_settling,high_noise_high_cost,immediate_greedy,1.0087934456190095,1.1150030984332484,1,0,0.10620965281423889,433.7915999999992
188,recontact_settling,high_noise_high_cost,immediate_greedy,1.119078932405991,1.1161923904596593,1,0,0.0028865419463317554,433.7915999999992
190,recontact_settling,high_noise_high_cost,immediate_greedy,1.054519652360031,1.117380176634316,1,1,0.06286052427428501,446.4470999999992
192,recontact_settling,high_noise_high_cost,immediate_greedy,1.0466302631926265,1.1185664415635268,1,1,0.07193617837090027,459.80351999999914
194,recontact_settling,high_noise_high_cost,immediate_greedy,1.0378001505342536,1.1197511698733142,1,1,0.08195101933906068,473.5103999999991
196,recontact_settling,high_noise_high_cost,immediate_greedy,1.1160518248682059,1.1209343462096164,1,0,0.0048825213414105395,473.5103999999991
198,recontact_settling,high_noise_high_cost,immediate_greedy,1.0037952369826626,1.1221159552384843,0,0,0.11832071825582169,479.6629199999991
200,recontact_settling,high_noise_high_cost,immediate_greedy,0.9944084019681977,1.1232959816462815,1,1,0.12888757967808384,485.46497999999906
202,recontact_settling,high_noise_high_cost,immediate_greedy,1.0700800028175477,1.1244744101398823,1,0,0.05439440732233458,485.46497999999906
204,recontact_settling,high_noise_high_cost,immediate_greedy,1.027486256653952,1.12565122544687,1,1,0.09816496879291803,495.66725999999903
206,recontact_settling,high_noise_high_cost,immediate_greedy,1.0146583112695802,1.1268264123157348,0,1,0.1121681010461546,501.118859999999
208,recontact_settling,high_noise_high_cost,immediate_greedy,1.0711045719213987,1.127999955516071,1,0,0.056895383594672166,506.920919999999
210,recontact_settling,high_noise_high_cost,immediate_greedy,1.053021540467223,1.1291718398387751,0,1,0.07615029937155215,512.372519999999
212,recontact_settling,high_noise_high_cost,immediate_greedy,1.1569539776109987,1.1303420500962431,1,0,0.026611927514755607,517.824119999999
214,recontact_settling,high_noise_high_cost,immediate_greedy,1.1477192909777443,1.1315105711225661,0,1,0.016208719855178133,522.574799999999
216,recontact_settling,high_noise_high_cost,immediate_greedy,1.090668677046477,1.1326773877737282,0,1,0.0420087107272511,533.1275399999989
218,recontact_settling,high_noise_high_cost,immediate_greedy,1.0355801653420211,1.1338424849278017,1,1,0.09826231958578058,538.5791399999989
220,recontact_settling,high_noise_high_cost,immediate_greedy,1.0062885695782566,1.1350058474851439,0,1,0.12871727790688725,544.0307399999989
222,recontact_settling,high_noise_high_cost,immediate_greedy,0.9816767362750669,1.1361674603685925,0,1,0.1544907240935256,555.9853199999989
224,recontact_settling,high_noise_high_cost,immediate_greedy,1.039533207802047,1.1373273085236604,1,0,0.09779410072161343,562.1378399999988
226,recontact_settling,high_noise_high_cost,immediate_greedy,1.1068500915368225,1.1384853769187322,1,0,0.03163528538190974,562.1378399999988
228,recontact_settling,high_noise_high_cost,immediate_greedy,1.0710064375977524,1.1396416505452573,0,1,0.06863521294750496,567.5894399999988
230,recontact_settling,high_noise_high_cost,immediate_greedy,1.042894014299384,1.1407961144179461,0,1,0.09790210011856204,579.1935599999988
232,recontact_settling,high_noise_high_cost,immediate_greedy,1.1251601091515493,1.1419487535749626,1,0,0.016788644423413324,584.9956199999988
234,recontact_settling,high_noise_high_cost,immediate_greedy,1.206477310122859,1.1430995530781196,1,0,0.06337775704473936,584.9956199999988
236,recontact_settling,high_noise_high_cost,immediate_greedy,1.166702826292339,1.1442484980130716,1,1,0.0224543282792673,595.8988199999988
238,recontact_settling,high_noise_high_cost,immediate_greedy,1.1598507315512028,1.1453955734895085,0,1,0.014455158061694284,601.3504199999987
0,recontact_settling,high_noise_high_cost,hysteresis_dwell,0.046641696790532886,1.0,1,0,0.9533583032094671,0.0
2,recontact_settling,high_noise_high_cost,hysteresis_dwell,0.12523658619635292,1.0012599972784018,1,0,0.8760234110820488,0.0
4,recontact_settling,high_noise_high_cost,hysteresis_dwell,0.23286224222976631,1.0025199782272565,1,0,0.7696577359974901,0.0
6,recontact_settling,high_noise_high_cost,hysteresis_dwell,0.3537524562240244,1.0037799265172285,1,0,0.6500274702932041,0.0
8,recontact_settling,high_noise_high_cost,hysteresis_dwell,0.4501128200674335,1.005039825819406,1,0,0.5549270057519725,0.0
10,recontact_settling,high_noise_high_cost,hysteresis_dwell,0.5885045294324002,1.0062996598055112,1,0,0.417795130373111,0.0
12,recontact_settling,high_noise_high_cost,hysteresis_dwell,0.6787830455797688,1.0075594121481135,1,0,0.32877636656834475,0.0
14,recontact_settling,high_noise_high_cost,hysteresis_dwell,0.7746316590796105,1.0088190665208403,1,0,0.2341874074412298,0.0
16,recontact_settling,high_noise_high_cost,hysteresis_dwell,0.8607313605350024,1.0100786065985885,1,0,0.14934724606358607,0.0
18,recontact_settling,high_noise_high_cost,hysteresis_dwell,0.9494444364248895,1.011338016057736,1,0,0.061893579632846585,0.0
20,recontact_settling,high_noise_high_cost,hysteresis_dwell,1.0360953154471328,1.0125972785763542,1,0,0.02349803687077867,0.0
22,recontact_settling,high_noise_high_cost,hysteresis_dwell,1.113016998282669,1.0138563778344185,1,0,0.09916062044825047,0.0
24,recontact_settling,high_noise_high_cost,hysteresis_dwell,1.214014853472844,1.0151152975140199,1,0,0.19889955595882425,0.0
26,recontact_settling,high_noise_high_cost,hysteresis_dwell,1.3072970743852603,1.016374021299577,1,0,0.2909230530856832,0.0
28,recontact_settling,high_noise_high_cost,hysteresis_dwell,1.4031678953844633,1.0176325328780473,1,0,0.38553536250641596,0.0
30,recontact_settling,high_noise_high_cost,hysteresis_dwell,1.2382120588598655,1.0188908159391383,0,0,0.2193212429207272,1.9469999999999998
32,recontact_settling,high_noise_high_cost,hysteresis_dwell,1.109529317737049,1.0201488541755193,0,0,0.08938046356152984,1.9469999999999998
34,recontact_settling,high_noise_high_cost,hysteresis_dwell,0.961780692663999,1.0214066312830319,0,0,0.05962593861903287,1.9469999999999998
36,recontact_settling,high_noise_high_cost,hysteresis_dwell,0.8167176855805327,1.022664130960903,0,0,0.20594644538037032,1.9469999999999998
38,recontact_settling,high_noise_high_cost,hysteresis_dwell,0.8272371490110942,1.023921336911954,1,1,0.19668418790085973,4.244459999999999
40,recontact_settling,high_noise_high_cost,hysteresis_dwell,0.915946213080431,1.0251782328428132,1,0,0.10923201976238217,4.244459999999999
42,recontact_settling,high_noise_high_cost,hysteresis_dwell,1.0271951153048138,1.0264348024641274,1,0,0.0007603128406863391,4.244459999999999
44,recontact_settling,high_noise_high_cost,hysteresis_dwell,1.1243861742005388,1.0276910294907715,1,0,0.09669514470976726,4.244459999999999
46,recontact_settling,high_noise_high_cost,hysteresis_dwell,1.1845408493429714,1.0289468976420613,1,0,0.15559395170091017,4.244459999999999
48,recontact_settling,high_noise_high_cost,hysteresis_dwell,1.2699297675617927,1.0302023906419626,1,0,0.23972737691983004,4.244459999999999
50,recontact_settling,high_noise_high_cost,hysteresis_dwell,1.2368444480402423,1.0314574922193038,0,1,0.20538695582093847,6.541919999999999
52,recontact_settling,high_noise_high_cost,hysteresis_dwell,1.0921186404714078,1.0327121861079864,0,0,0.0594064543634214,6.541919999999999
54,recontact_settling,high_noise_high_cost,hysteresis_dwell,0.9561034809755369,1.0339664560471948,0,0,0.07786297507165796,6.541919999999999
56,recontact_settling,high_noise_high_cost,hysteresis_dwell,0.8474941283417148,1.0352202857816082,0,0,0.1877261574398934,6.541919999999999
58,recontact_settling,high_noise_high_cost,hysteresis_dwell,0.6998577921934629,1.0364736590616108,0,0,0.33661586686814793,6.541919999999999
60,recontact_settling,high_noise_high_cost,hysteresis_dwell,0.7939358960306145,1.0377265596435026,1,0,0.24379066361288804,8.839379999999998
62,recontact_settling,high_noise_high_cost,hysteresis_dwell,0.9085023206192847,1.0389789712897095,1,0,0.1304766506704248,8.839379999999998
64,recontact_settling,high_noise_high_cost,hysteresis_dwell,0.9905213515669143,1.040230877768994,1,0,0.04970952620207958,8.839379999999998
66,recontact_settling,high_noise_high_cost,hysteresis_dwell,1.0810755326750554,1.0414822628566656,1,0,0.03959326981838984,8.839379999999998
68,recontact_settling,high_noise_high_cost,hysteresis_dwell,1.1991128504748676,1.0427331103347914,1,0,0.15637974014007616,8.839379999999998
70,recontact_settling,high_noise_high_cost,hysteresis_dwell,1.2932349654880926,1.0439834039924052,1,0,0.2492515614956874,8.839379999999998
72,recontact_settling,high_noise_high_cost,hysteresis_dwell,1.2723088563655802,1.045233127625719,0,1,0.22707572873986126,11.136839999999998
74,recontact_settling,high_noise_high_cost,hysteresis_dwell,1.144404027301163,1.0464822650383319,0,0,0.09792176226283122,11.136839999999998
76,recontact_settling,high_noise_high_cost,hysteresis_dwell,0.9958455066023105,1.0477308000414405,0,0,0.051885293439129954,11.136839999999998
78,recontact_settling,high_noise_high_cost,hysteresis_dwell,0.8963902315776633,1.0489787164540485,0,0,0.1525884848763852,11.136839999999998
80,recontact_settling,high_noise_high_cost,hysteresis_dwell,0.7600700135261194,1.050225998103177,0,0,0.2901559845770576,11.136839999999998
82,recontact_settling,high_noise_high_cost,hysteresis_dwell,0.7343039322370036,1.051472628824073,1,1,0.31716869658706937,13.434299999999997
84,recontact_settling,high_noise_high_cost,hysteresis_dwell,0.797825175421519,1.0527185924604199,1,0,0.2548934170389009,13.434299999999997
86,recontact_settling,high_noise_high_cost,hysteresis_dwell,0.877845520794651,1.0539638728645464,1,0,0.17611835206989546,13.434299999999997
88,recontact_settling,high_noise_high_cost,hysteresis_dwell,0.9802725609283316,1.0552084538976358,1,0,0.07493589296930425,13.434299999999997
90,recontact_settling,high_noise_high_cost,hysteresis_dwell,1.0458333863917646,1.0564523194299356,1,0,0.010618933038170963,13.434299999999997
92,recontact_settling,high_noise_high_cost,hysteresis_dwell,1.1856892301543895,1.0576954533409657,1,0,0.12799377681342383,13.434299999999997
94,recontact_settling,high_noise_high_cost,hysteresis_dwell,1.2624892999828454,1.058937839519728,1,0,0.20355146046311745,13.434299999999997
96,recontact_settling,high_noise_high_cost,hysteresis_dwell,1.3251424480427183,1.060179461864915,1,0,0.26496298617780334,13.434299999999997
98,recontact_settling,high_noise_high_cost,hysteresis_dwell,1.3946090611576798,1.0614203042851187,1,0,0.3331887568725611,13.434299999999997
100,recontact_settling,high_noise_high_cost,hysteresis_dwell,1.232651626280802,1.0626603506990384,0,0,0.16999127558176363,15.731759999999996
102,recontact_settling,high_noise_high_cost,hysteresis_dwell,1.1157626068479185,1.0638995850356903,0,0,0.05186302181222824,15.731759999999996
104,recontact_settling,high_noise_high_cost,hysteresis_dwell,0.9960619524075593,1.0651379912346144,0,0,0.06907603882705504,15.731759999999996
106,recontact_settling,high_noise_high_cost,hysteresis_dwell,0.8662073919002709,1.0663755532460837,0,0,0.20016816134581283,15.731759999999996
108,recontact_settling,high_noise_high_cost,hysteresis_dwell,0.7712668119797014,1.067612255031312,0,0,0.2963454430516107,15.731759999999996
110,recontact_settling,high_noise_high_cost,hysteresis_dwell,0.8606197844236558,1.0688480805626617,1,0,0.20822829613900584,18.029219999999995
112,recontact_settling,high_noise_high_cost,hysteresis_dwell,0.9528511913620732,1.0700830138238508,1,0,0.11723182246177766,18.029219999999995
114,recontact_settling,high_noise_high_cost,hysteresis_dwell,1.0434024795403902,1.0713170388101616,1,0,0.027914559269771377,18.029219999999995
116,recontact_settling,high_noise_high_cost,hysteresis_dwell,1.1541837706113778,1.0725501395286479,1,0,0.08163363108272992,18.029219999999995
118,recontact_settling,high_noise_high_cost,hysteresis_dwell,1.2864371274237807,1.073782299998341,1,0,0.21265482742543962,18.029219999999995
120,recontact_settling,high_noise_high_cost,hysteresis_dwell,1.3704004706327515,1.0750135042504592,1,0,0.29538696638229234,18.029219999999995
122,recontact_settling,high_noise_high_cost,hysteresis_dwell,1.4611419484042258,1.076243736328612,1,0,0.3848982120756139,18.029219999999995
124,recontact_settling,high_noise_high_cost,hysteresis_dwell,1.4276261994514108,1.0774729802890093,0,1,0.3501532191624015,20.326679999999996
126,recontact_settling,high_noise_high_cost,hysteresis_dwell,1.3126861844449789,1.0787012202006663,0,0,0.2339849642443126,20.326679999999996
128,recontact_settling,high_noise_high_cost,hysteresis_dwell,1.1785344741563466,1.079928440145611,0,0,0.09860603401073553,20.326679999999996
130,recontact_settling,high_noise_high_cost,hysteresis_dwell,1.0579277848302966,1.0811546242190904,0,0,0.023226839388793774,20.326679999999996
132,recontact_settling,high_noise_high_cost,hysteresis_dwell,0.9475466391022906,1.0823797565297757,0,0,0.13483311742748505,20.326679999999996
134,recontact_settling,high_noise_high_cost,hysteresis_dwell,1.0123608919032905,1.0836038211999695,1,0,0.07124292929667897,22.624139999999997
136,recontact_settling,high_noise_high_cost,hysteresis_dwell,1.0701355688707848,1.0848268023658105,1,0,0.014691233495025768,22.624139999999997
138,recontact_settling,high_noise_high_cost,hysteresis_dwell,1.1587224104669112,1.0860486841774804,1,0,0.0726737262894308,22.624139999999997
140,recontact_settling,high_noise_high_cost,hysteresis_dwell,1.2269879551599814,1.0872694507994076,1,0,0.13971850436057376,22.624139999999997
142,recontact_settling,high_noise_high_cost,hysteresis_dwell,1.3071009693075817,1.0884890864104741,1,0,0.21861188289710753,22.624139999999997
144,recontact_settling,high_noise_high_cost,hysteresis_dwell,1.4014878489841136,1.0897075752042191,1,0,0.3117802737798945,22.624139999999997
146,recontact_settling,high_noise_high_cost,hysteresis_dwell,1.349227554485824,1.0909249013890452,0,1,0.2583026530967789,24.921599999999998
148,recontact_settling,high_noise_high_cost,hysteresis_dwell,1.232418022906898,1.092141049188422,0,0,0.14027697371847592,24.921599999999998
150,recontact_settling,high_noise_high_cost,hysteresis_dwell,1.117459725666813,1.093356002841091,0,0,0.02410372282572215,24.921599999999998
152,recontact_settling,high_noise_high_cost,hysteresis_dwell,0.982568388618448,1.0945697466012696,0,0,0.11200135798282163,24.921599999999998
154,recontact_settling,high_noise_high_cost,hysteresis_dwell,0.8303330428063772,1.0957822647388562,0,0,0.265449221932479,24.921599999999998
156,recontact_settling,high_noise_high_cost,hysteresis_dwell,0.8918827301416921,1.0969935415396324,1,0,0.2051108113979403,27.21906
158,recontact_settling,high_noise_high_cost,hysteresis_dwell,1.009651985834896,1.0982035613054677,1,0,0.08855157547057169,27.21906
160,recontact_settling,high_noise_high_cost,hysteresis_dwell,1.1031146034565993,1.099412308354523,1,0,0.003702295102076203,27.21906
162,recontact_settling,high_noise_high_cost,hysteresis_dwell,1.2041709607163933,1.1006197670214537,1,0,0.10355119369493959,27.21906
164,recontact_settling,high_noise_high_cost,hysteresis_dwell,1.3000901422478768,1.101825921657612,1,0,0.19826422059026472,27.21906
166,recontact_settling,high_noise_high_cost,hysteresis_dwell,1.1478777712474961,1.103030756631251,0,0,0.044847014616245184,29.866979999999998
168,recontact_settling,high_noise_high_cost,hysteresis_dwell,1.0206476407615637,1.1042342563277259,0,0,0.0835866155661622,29.866979999999998
170,recontact_settling,high_noise_high_cost,hysteresis_dwell,0.9029945700030407,1.1054364051496979,0,0,0.20244183514665715,29.866979999999998
172,recontact_settling,high_noise_high_cost,hysteresis_dwell,0.7555134352775706,1.1066371875173349,0,0,0.3511237522397642,29.866979999999998
174,recontact_settling,high_noise_high_cost,hysteresis_dwell,0.6226599883988693,1.1078365878685144,0,0,0.4851765994696451,29.866979999999998
176,recontact_settling,high_noise_high_cost,hysteresis_dwell,0.7096314594640096,1.1090345906590242,1,0,0.3994031311950146,32.16444
178,recontact_settling,high_noise_high_cost,hysteresis_dwell,0.8047741182290221,1.1102311803627654,1,0,0.30545706213374324,32.16444
180,recontact_settling,high_noise_high_cost,hysteresis_dwell,0.8957194727669205,1.1114263414719519,1,0,0.2157068687050313,32.16444
182,recontact_settling,high_noise_high_cost,hysteresis_dwell,1.0189769502758594,1.1126200584973125,1,0,0.09364310822145305,32.16444
184,recontact_settling,high_noise_high_cost,hysteresis_dwell,1.112428383913815,1.1138123159682913,1,0,0.0013839320544764,32.16444
186,recontact_settling,high_noise_high_cost,hysteresis_dwell,1.1698356362777618,1.1150030984332484,1,0,0.05483253784451336,32.16444
188,recontact_settling,high_noise_high_cost,hysteresis_dwell,1.2938082708729108,1.1161923904596593,1,0,0.1776158804132515,32.16444
190,recontact_settling,high_noise_high_cost,hysteresis_dwell,1.1191405474170122,1.117380176634316,0,0,0.0017603707826960857,34.4619
192,recontact_settling,high_noise_high_cost,hysteresis_dwell,1.0039434508235952,1.1185664415635268,0,0,0.11462299073993165,34.4619
194,recontact_settling,high_noise_high_cost,hysteresis_dwell,0.8919640682450867,1.1197511698733142,0,0,0.22778710162822757,34.4619
196,recontact_settling,high_noise_high_cost,hysteresis_dwell,0.7658147147010006,1.1209343462096164,0,0,0.3551196315086158,34.4619
198,recontact_settling,high_noise_high_cost,hysteresis_dwell,0.6632579651979309,1.1221159552384843,0,0,0.4588579900405534,34.4619
200,recontact_settling,high_noise_high_cost,hysteresis_dwell,0.6625485287781142,1.1232959816462815,1,1,0.4607474528681673,36.75936
202,recontact_settling,high_noise_high_cost,hysteresis_dwell,0.7466613704595072,1.1244744101398823,1,0,0.37781303968037505,36.75936
204,recontact_settling,high_noise_high_cost,hysteresis_dwell,0.8166056531755518,1.12565122544687,1,0,0.30904557227131824,36.75936
206,recontact_settling,high_noise_high_cost,hysteresis_dwell,0.9292079130910331,1.1268264123157348,1,0,0.19761849922470165,36.75936
208,recontact_settling,high_noise_high_cost,hysteresis_dwell,1.0031360994145855,1.127999955516071,1,0,0.12486385610148543,36.75936
210,recontact_settling,high_noise_high_cost,hysteresis_dwell,1.1085843941298412,1.1291718398387751,1,0,0.020587445708933894,36.75936
212,recontact_settling,high_noise_high_cost,hysteresis_dwell,1.2282696332502532,1.1303420500962431,1,0,0.09792758315401007,36.75936
214,recontact_settling,high_noise_high_cost,hysteresis_dwell,1.3411246428853385,1.1315105711225661,1,0,0.20961407176277236,36.75936
216,recontact_settling,high_noise_high_cost,hysteresis_dwell,1.2886369886658842,1.1326773877737282,0,1,0.155959600892156,39.05682
218,recontact_settling,high_noise_high_cost,hysteresis_dwell,1.1228489233121473,1.1338424849278017,0,0,0.010993561615654457,39.05682
220,recontact_settling,high_noise_high_cost,hysteresis_dwell,0.9870260446576533,1.1350058474851439,0,0,0.14797980282749057,39.05682
222,recontact_settling,high_noise_high_cost,hysteresis_dwell,0.8614137769785929,1.1361674603685925,0,0,0.2747536833899996,39.05682
224,recontact_settling,high_noise_high_cost,hysteresis_dwell,0.7139565135755972,1.1373273085236604,0,0,0.4233707949480632,39.05682
226,recontact_settling,high_noise_high_cost,hysteresis_dwell,0.7895548181969881,1.1384853769187322,1,0,0.34893055872174406,41.35428
228,recontact_settling,high_noise_high_cost,hysteresis_dwell,0.867445937597834,1.1396416505452573,1,0,0.2721957129474234,41.35428
230,recontact_settling,high_noise_high_cost,hysteresis_dwell,0.9576748165883933,1.1407961144179461,1,0,0.1831212978295529,41.35428
232,recontact_settling,high_noise_high_cost,hysteresis_dwell,1.057863070212333,1.1419487535749626,1,0,0.08408568336262956,41.35428
234,recontact_settling,high_noise_high_cost,hysteresis_dwell,1.1574576202210416,1.1430995530781196,1,0,0.014358067142921982,41.35428
236,recontact_settling,high_noise_high_cost,hysteresis_dwell,1.2407228071423613,1.1442484980130716,1,0,0.09647430912928967,41.35428
238,recontact_settling,high_noise_high_cost,hysteresis_dwell,1.2409946173901396,1.1453955734895085,0,1,0.09559904390063112,43.651740000000004
0,recontact_settling,high_noise_high_cost,calibrated_cost_supervisor,0.046641696790532886,1.0,1,0,0.9533583032094671,0.0
2,recontact_settling,high_noise_high_cost,calibrated_cost_supervisor,0.12523658619635292,1.0012599972784018,1,0,0.8760234110820488,0.0
4,recontact_settling,high_noise_high_cost,calibrated_cost_supervisor,0.23286224222976631,1.0025199782272565,1,0,0.7696577359974901,0.0
6,recontact_settling,high_noise_high_cost,calibrated_cost_supervisor,0.3537524562240244,1.0037799265172285,1,0,0.6500274702932041,0.0
8,recontact_settling,high_noise_high_cost,calibrated_cost_supervisor,0.4501128200674335,1.005039825819406,1,0,0.5549270057519725,0.0
10,recontact_settling,high_noise_high_cost,calibrated_cost_supervisor,0.5885045294324002,1.0062996598055112,1,0,0.417795130373111,0.0
12,recontact_settling,high_noise_high_cost,calibrated_cost_supervisor,0.6787830455797688,1.0075594121481135,1,0,0.32877636656834475,0.0
14,recontact_settling,high_noise_high_cost,calibrated_cost_supervisor,0.7746316590796105,1.0088190665208403,1,0,0.2341874074412298,0.0
16,recontact_settling,high_noise_high_cost,calibrated_cost_supervisor,0.8607313605350024,1.0100786065985885,1,0,0.14934724606358607,0.0
18,recontact_settling,high_noise_high_cost,calibrated_cost_supervisor,0.9494444364248895,1.011338016057736,1,0,0.061893579632846585,0.0
20,recontact_settling,high_noise_high_cost,calibrated_cost_supervisor,1.0360953154471328,1.0125972785763542,1,0,0.02349803687077867,0.0
22,recontact_settling,high_noise_high_cost,calibrated_cost_supervisor,1.113016998282669,1.0138563778344185,1,0,0.09916062044825047,0.0
24,recontact_settling,high_noise_high_cost,calibrated_cost_supervisor,1.214014853472844,1.0151152975140199,1,0,0.19889955595882425,0.0
26,recontact_settling,high_noise_high_cost,calibrated_cost_supervisor,1.3072970743852603,1.016374021299577,1,0,0.2909230530856832,0.0
28,recontact_settling,high_noise_high_cost,calibrated_cost_supervisor,1.4031678953844633,1.0176325328780473,1,0,0.38553536250641596,0.0
30,recontact_settling,high_noise_high_cost,calibrated_cost_supervisor,1.4680070511413859,1.0188908159391383,1,0,0.4491162352022475,0.0
32,recontact_settling,high_noise_high_cost,calibrated_cost_supervisor,1.4478743977199544,1.0201488541755193,0,1,0.42772554354443515,1.9469999999999998
34,recontact_settling,high_noise_high_cost,calibrated_cost_supervisor,1.287523774488799,1.0214066312830319,0,0,0.2661171432057672,1.9469999999999998
36,recontact_settling,high_noise_high_cost,calibrated_cost_supervisor,1.1342817084487669,1.022664130960903,0,0,0.11161757748786383,1.9469999999999998
38,recontact_settling,high_noise_high_cost,calibrated_cost_supervisor,1.0346064369926298,1.023921336911954,0,0,0.010685100080675802,1.9469999999999998
40,recontact_settling,high_noise_high_cost,calibrated_cost_supervisor,0.9112515015718374,1.0251782328428132,0,0,0.11392673127097575,1.9469999999999998
42,recontact_settling,high_noise_high_cost,calibrated_cost_supervisor,0.8148265498037662,1.0264348024641274,0,0,0.2116082526603612,1.9469999999999998
44,recontact_settling,high_noise_high_cost,calibrated_cost_supervisor,0.6922979141593157,1.0276910294907715,0,0,0.33539311533145577,1.9469999999999998
46,recontact_settling,high_noise_high_cost,calibrated_cost_supervisor,0.5362343478137652,1.0289468976420613,0,0,0.49271254982829604,1.9469999999999998
48,recontact_settling,high_noise_high_cost,calibrated_cost_supervisor,0.5153421096372555,1.0302023906419626,1,1,0.5148602810047072,4.244459999999999
50,recontact_settling,high_noise_high_cost,calibrated_cost_supervisor,0.5979695145173215,1.0314574922193038,1,0,0.43348797770198233,4.244459999999999
52,recontact_settling,high_noise_high_cost,calibrated_cost_supervisor,0.6794697327775655,1.0327121861079864,1,0,0.3532424533304209,4.244459999999999
54,recontact_settling,high_noise_high_cost,calibrated_cost_supervisor,0.7769404345425156,1.0339664560471948,1,0,0.25702602150467924,4.244459999999999
56,recontact_settling,high_noise_high_cost,calibrated_cost_supervisor,0.8942902242166502,1.0352202857816082,1,0,0.14093006156495802,4.244459999999999
58,recontact_settling,high_noise_high_cost,calibrated_cost_supervisor,0.9690121454845353,1.0364736590616108,1,0,0.06746151357707553,4.244459999999999
60,recontact_settling,high_noise_high_cost,calibrated_cost_supervisor,1.0720665660479376,1.0377265596435026,1,0,0.03434000640443502,4.244459999999999
62,recontact_settling,high_noise_high_cost,calibrated_cost_supervisor,1.1963723821905439,1.0389789712897095,1,0,0.15739341090083436,4.244459999999999
64,recontact_settling,high_noise_high_cost,calibrated_cost_supervisor,1.2812724964868347,1.040230877768994,1,0,0.2410416187178408,4.244459999999999
66,recontact_settling,high_noise_high_cost,calibrated_cost_supervisor,1.367193267349532,1.0414822628566656,1,0,0.3257110044928664,4.244459999999999
68,recontact_settling,high_noise_high_cost,calibrated_cost_supervisor,1.4806710129295715,1.0427331103347914,1,0,0.43793790259478005,4.244459999999999
70,recontact_settling,high_noise_high_cost,calibrated_cost_supervisor,1.5703062170659183,1.0439834039924052,1,0,0.5263228130735131,4.244459999999999
72,recontact_settling,high_noise_high_cost,calibrated_cost_supervisor,1.5436453980067486,1.045233127625719,0,1,0.49841227038102964,6.191459999999999
74,recontact_settling,high_noise_high_cost,calibrated_cost_supervisor,1.4088388092553,1.0464822650383319,0,0,0.36235654421696806,6.191459999999999
76,recontact_settling,high_noise_high_cost,calibrated_cost_supervisor,1.2567070930046824,1.0477308000414405,0,0,0.20897629296324194,6.191459999999999
78,recontact_settling,high_noise_high_cost,calibrated_cost_supervisor,1.153094727739127,1.0489787164540485,0,0,0.10411601128507852,6.191459999999999
80,recontact_settling,high_noise_high_cost,calibrated_cost_supervisor,1.012683666836754,1.050225998103177,0,0,0.037542331266422924,6.191459999999999
82,recontact_settling,high_noise_high_cost,calibrated_cost_supervisor,0.8773216967832265,1.051472628824073,0,0,0.17415093204084653,6.191459999999999
84,recontact_settling,high_noise_high_cost,calibrated_cost_supervisor,0.7289555885443634,1.0527185924604199,0,0,0.3237630039160565,6.191459999999999
86,recontact_settling,high_noise_high_cost,calibrated_cost_supervisor,0.6011089086378456,1.0539638728645464,0,0,0.4528549642267008,6.191459999999999
88,recontact_settling,high_noise_high_cost,calibrated_cost_supervisor,0.4848420234228571,1.0552084538976358,0,0,0.5703664304747788,6.191459999999999
90,recontact_settling,high_noise_high_cost,calibrated_cost_supervisor,0.5472279105702026,1.0564523194299356,1,0,0.509224408859733,8.488919999999998
92,recontact_settling,high_noise_high_cost,calibrated_cost_supervisor,0.6831554628884066,1.0576954533409657,1,0,0.37453999045255915,8.488919999999998
94,recontact_settling,high_noise_high_cost,calibrated_cost_supervisor,0.7615683417799238,1.058937839519728,1,0,0.29736949773980415,8.488919999999998
96,recontact_settling,high_noise_high_cost,calibrated_cost_supervisor,0.8322041662297185,1.060179461864915,1,0,0.22797529563519647,8.488919999999998
98,recontact_settling,high_noise_high_cost,calibrated_cost_supervisor,0.909526243803652,1.0614203042851187,1,0,0.1518940604814667,8.488919999999998
100,recontact_settling,high_noise_high_cost,calibrated_cost_supervisor,0.9850278371513952,1.0626603506990384,1,0,0.07763251354764322,8.488919999999998
102,recontact_settling,high_noise_high_cost,calibrated_cost_supervisor,1.100416056479711,1.0638995850356903,1,0,0.036516471444020704,8.488919999999998
104,recontact_settling,high_noise_high_cost,calibrated_cost_supervisor,1.2062341238947865,1.0651379912346144,1,0,0.14109613266017207,8.488919999999998
106,recontact_settling,high_noise_high_cost,calibrated_cost_supervisor,1.2961342596626775,1.0663755532460837,1,0,0.2297587064165938,8.488919999999998
108,recontact_settling,high_noise_high_cost,calibrated_cost_supervisor,1.4174463651774465,1.067612255031312,1,0,0.3498341101461344,8.488919999999998
110,recontact_settling,high_noise_high_cost,calibrated_cost_supervisor,1.510397920765757,1.0688480805626617,1,0,0.4415498402030953,8.488919999999998
112,recontact_settling,high_noise_high_cost,calibrated_cost_supervisor,1.6070539494866223,1.0700830138238508,1,0,0.5369709356627714,8.488919999999998
114,recontact_settling,high_noise_high_cost,calibrated_cost_supervisor,1.694859614744256,1.0713170388101616,1,0,0.6235425759340945,8.488919999999998
116,recontact_settling,high_noise_high_cost,calibrated_cost_supervisor,1.7952592849086348,1.0725501395286479,1,0,0.722709145379987,8.488919999999998
118,recontact_settling,high_noise_high_cost,calibrated_cost_supervisor,1.7995375045202737,1.073782299998341,0,1,0.7257552045219327,10.435919999999998
120,recontact_settling,high_noise_high_cost,calibrated_cost_supervisor,1.6417048388728799,1.0750135042504592,0,0,0.5666913346224207,10.435919999999998
122,recontact_settling,high_noise_high_cost,calibrated_cost_supervisor,1.5003443244713024,1.076243736328612,0,0,0.42410058814269047,10.435919999999998
124,recontact_settling,high_noise_high_cost,calibrated_cost_supervisor,1.359170839166922,1.0774729802890093,0,0,0.28169785887791265,10.435919999999998
126,recontact_settling,high_noise_high_cost,calibrated_cost_supervisor,1.2523525314314108,1.0787012202006663,0,0,0.1736513112307445,10.435919999999998
128,recontact_settling,high_noise_high_cost,calibrated_cost_supervisor,1.1249776717770423,1.079928440145611,0,0,0.045049231631431264,10.435919999999998
130,recontact_settling,high_noise_high_cost,calibrated_cost_supervisor,1.0052244636537089,1.0811546242190904,0,0,0.07593016056538149,10.435919999999998
132,recontact_settling,high_noise_high_cost,calibrated_cost_supervisor,0.895683198051973,1.0823797565297757,0,0,0.18669655847780264,10.435919999999998
134,recontact_settling,high_noise_high_cost,calibrated_cost_supervisor,0.753761360073644,1.0836038211999695,0,0,0.3298424611263254,10.435919999999998
136,recontact_settling,high_noise_high_cost,calibrated_cost_supervisor,0.6087428499172335,1.0848268023658105,0,0,0.47608395244857704,10.435919999999998
138,recontact_settling,high_noise_high_cost,calibrated_cost_supervisor,0.7006424088701302,1.0860486841774804,1,0,0.38540627530735017,12.733379999999997
140,recontact_settling,high_noise_high_cost,calibrated_cost_supervisor,0.7630375279552712,1.0872694507994076,1,0,0.3242319228441364,12.733379999999997
142,recontact_settling,high_noise_high_cost,calibrated_cost_supervisor,0.843768120617694,1.0884890864104741,1,0,0.24472096579278013,12.733379999999997
144,recontact_settling,high_noise_high_cost,calibrated_cost_supervisor,0.9455386725709481,1.0897075752042191,1,0,0.14416890263327098,12.733379999999997
146,recontact_settling,high_noise_high_cost,calibrated_cost_supervisor,1.0162561248169275,1.0909249013890452,1,0,0.07466877657211768,12.733379999999997
148,recontact_settling,high_noise_high_cost,calibrated_cost_supervisor,1.1341085859172246,1.092141049188422,1,0,0.0419675367288026,12.733379999999997
150,recontact_settling,high_noise_high_cost,calibrated_cost_supervisor,1.2490521367664522,1.093356002841091,1,0,0.1556961339253613,12.733379999999997
152,recontact_settling,high_noise_high_cost,calibrated_cost_supervisor,1.3351677430548035,1.0945697466012696,1,0,0.24059799645353386,12.733379999999997
154,recontact_settling,high_noise_high_cost,calibrated_cost_supervisor,1.4004173739304349,1.0957822647388562,1,0,0.30463510919157866,12.733379999999997
156,recontact_settling,high_noise_high_cost,calibrated_cost_supervisor,1.467281765054127,1.0969935415396324,1,0,0.37028822351449464,12.733379999999997
158,recontact_settling,high_noise_high_cost,calibrated_cost_supervisor,1.4748313311120675,1.0982035613054677,0,1,0.37662776980659984,14.680379999999996
160,recontact_settling,high_noise_high_cost,calibrated_cost_supervisor,1.338251843579494,1.099412308354523,0,0,0.2388395352249708,14.680379999999996
162,recontact_settling,high_noise_high_cost,calibrated_cost_supervisor,1.2092274898023014,1.1006197670214537,0,0,0.10860772278084774,14.680379999999996
164,recontact_settling,high_noise_high_cost,calibrated_cost_supervisor,1.081962090486272,1.101825921657612,0,0,0.019863831171340163,14.680379999999996
166,recontact_settling,high_noise_high_cost,calibrated_cost_supervisor,0.9389733593331044,1.103030756631251,0,0,0.1640573972981465,14.680379999999996
168,recontact_settling,high_noise_high_cost,calibrated_cost_supervisor,0.8193846026488992,1.1042342563277259,0,0,0.28484965367882664,14.680379999999996
170,recontact_settling,high_noise_high_cost,calibrated_cost_supervisor,0.7080950066535049,1.1054364051496979,0,0,0.397341398496193,14.680379999999996
172,recontact_settling,high_noise_high_cost,calibrated_cost_supervisor,0.563719791369573,1.1066371875173349,0,0,0.5429173961477619,14.680379999999996
174,recontact_settling,high_noise_high_cost,calibrated_cost_supervisor,0.43392276800018953,1.1078365878685144,0,0,0.6739138198683248,14.680379999999996
176,recontact_settling,high_noise_high_cost,calibrated_cost_supervisor,0.3131963235083572,1.1090345906590242,0,0,0.795838267150667,14.680379999999996
178,recontact_settling,high_noise_high_cost,calibrated_cost_supervisor,0.4184227698211593,1.1102311803627654,1,0,0.691808410541606,16.977839999999997
180,recontact_settling,high_noise_high_cost,calibrated_cost_supervisor,0.5119150165052891,1.1114263414719519,1,0,0.5995113249666627,16.977839999999997
182,recontact_settling,high_noise_high_cost,calibrated_cost_supervisor,0.6357086112866219,1.1126200584973125,1,0,0.47691144721069056,16.977839999999997
184,recontact_settling,high_noise_high_cost,calibrated_cost_supervisor,0.7352678091747098,1.1138123159682913,1,0,0.37854450679358154,16.977839999999997
186,recontact_settling,high_noise_high_cost,calibrated_cost_supervisor,0.798685492457699,1.1150030984332484,1,0,0.31631760597554937,16.977839999999997
188,recontact_settling,high_noise_high_cost,calibrated_cost_supervisor,0.9285727757447645,1.1161923904596593,1,0,0.18761961471489486,16.977839999999997
190,recontact_settling,high_noise_high_cost,calibrated_cost_supervisor,0.9884857493012161,1.117380176634316,1,0,0.12889442733309997,16.977839999999997
192,recontact_settling,high_noise_high_cost,calibrated_cost_supervisor,1.1025327696567568,1.1185664415635268,1,0,0.016033671906769964,16.977839999999997
194,recontact_settling,high_noise_high_cost,calibrated_cost_supervisor,1.2137239888287648,1.1197511698733142,1,0,0.09397281895545051,16.977839999999997
196,recontact_settling,high_noise_high_cost,calibrated_cost_supervisor,1.3055510691902572,1.1209343462096164,1,0,0.1846167229806408,16.977839999999997
198,recontact_settling,high_noise_high_cost,calibrated_cost_supervisor,1.4174970811420466,1.1221159552384843,1,0,0.29538112590356236,16.977839999999997
200,recontact_settling,high_noise_high_cost,calibrated_cost_supervisor,1.521990104642022,1.1232959816462815,1,0,0.39869412299574036,16.977839999999997
202,recontact_settling,high_noise_high_cost,calibrated_cost_supervisor,1.6053265494774411,1.1244744101398823,1,0,0.4808521393375589,16.977839999999997
204,recontact_settling,high_noise_high_cost,calibrated_cost_supervisor,1.6752425667887545,1.12565122544687,1,0,0.5495913413418845,16.977839999999997
206,recontact_settling,high_noise_high_cost,calibrated_cost_supervisor,1.657003875276067,1.1268264123157348,0,1,0.5301774629603322,18.924839999999996
208,recontact_settling,high_noise_high_cost,calibrated_cost_supervisor,1.4871358305865265,1.127999955516071,0,0,0.35913587507045563,18.924839999999996
210,recontact_settling,high_noise_high_cost,calibrated_cost_supervisor,1.3578286156149055,1.1291718398387751,0,0,0.22865677577613042,18.924839999999996
212,recontact_settling,high_noise_high_cost,calibrated_cost_supervisor,1.2504378988217313,1.1303420500962431,0,0,0.12009584872548817,18.924839999999996
214,recontact_settling,high_noise_high_cost,calibrated_cost_supervisor,1.1398356349766694,1.1315105711225661,0,0,0.008325063854103254,18.924839999999996
216,recontact_settling,high_noise_high_cost,calibrated_cost_supervisor,0.982827893698422,1.1326773877737282,0,0,0.14984949407530612,18.924839999999996
218,recontact_settling,high_noise_high_cost,calibrated_cost_supervisor,0.8275237471499932,1.1338424849278017,0,0,0.3063187377778085,18.924839999999996
220,recontact_settling,high_noise_high_cost,calibrated_cost_supervisor,0.7005076379948509,1.1350058474851439,0,0,0.43449820949029294,18.924839999999996
222,recontact_settling,high_noise_high_cost,calibrated_cost_supervisor,0.579461327644369,1.1361674603685925,0,0,0.5567061327242235,18.924839999999996
224,recontact_settling,high_noise_high_cost,calibrated_cost_supervisor,0.6475486146597451,1.1373273085236604,1,0,0.48977869386391526,21.222299999999997
226,recontact_settling,high_noise_high_cost,calibrated_cost_supervisor,0.7248360812232234,1.1384853769187322,1,0,0.4136492956955088,21.222299999999997
228,recontact_settling,high_noise_high_cost,calibrated_cost_supervisor,0.8112941766282832,1.1396416505452573,1,0,0.32834747391697416,21.222299999999997
230,recontact_settling,high_noise_high_cost,calibrated_cost_supervisor,0.909690976658119,1.1407961144179461,1,0,0.2311051377598271,21.222299999999997
232,recontact_settling,high_noise_high_cost,calibrated_cost_supervisor,1.0106439007551877,1.1419487535749626,1,0,0.1313048528197749,21.222299999999997
234,recontact_settling,high_noise_high_cost,calibrated_cost_supervisor,1.1109909354483651,1.1430995530781196,1,0,0.03210861762975448,21.222299999999997
236,recontact_settling,high_noise_high_cost,calibrated_cost_supervisor,1.1949966154582221,1.1442484980130716,1,0,0.05074811744515051,21.222299999999997
238,recontact_settling,high_noise_high_cost,calibrated_cost_supervisor,1.311092843736494,1.1453955734895085,1,0,0.16569727024698544,21.222299999999997
